{"train_accuracy":0.9625886526513607,"_timestamp":1.7682114477846124e+09,"training_statistics":{"width":1500,"height":500,"_type":"image-file","sha256":"1e290ab7157a670045343910794434be5f8e5c017f720b590cf0c010ffd8d0e0","size":39252,"path":"media/images/training_statistics_5_1e290ab7157a67004534.png","format":"png"},"_wandb":{"runtime":19},"_runtime":19,"_step":5,"train_loss":0.11525398965211625}